<resources>
    <attr name="colorRed" format="color" />
    <attr name="colorOnRed" format="color" />
    <attr name="colorRedContainer" format="color" />
    <attr name="colorOnRedContainer" format="color" />
    <attr name="colorGreen" format="color" />
    <attr name="colorOnGreen" format="color" />
    <attr name="colorGreenContainer" format="color" />
    <attr name="colorOnGreenContainer" format="color" />
    <attr name="colorYellow" format="color" />
    <attr name="colorOnYellow" format="color" />
    <attr name="colorYellowContainer" format="color" />
    <attr name="colorOnYellowContainer" format="color" />
    <attr name="colorBlue" format="color" />
    <attr name="colorOnBlue" format="color" />
    <attr name="colorBlueContainer" format="color" />
    <attr name="colorOnBlueContainer" format="color" />
    <attr name="colorMagenta" format="color" />
    <attr name="colorOnMagenta" format="color" />
    <attr name="colorMagentaContainer" format="color" />
    <attr name="colorOnMagentaContainer" format="color" />
    <attr name="colorCyan" format="color" />
    <attr name="colorOnCyan" format="color" />
    <attr name="colorCyanContainer" format="color" />
    <attr name="colorOnCyanContainer" format="color" />
    <attr name="colorBrightRed" format="color" />
    <attr name="colorOnBrightRed" format="color" />
    <attr name="colorBrightRedContainer" format="color" />
    <attr name="colorOnBrightRedContainer" format="color" />
    <attr name="colorBrightGreen" format="color" />
    <attr name="colorOnBrightGreen" format="color" />
    <attr name="colorBrightGreenContainer" format="color" />
    <attr name="colorOnBrightGreenContainer" format="color" />
    <attr name="colorBrightYellow" format="color" />
    <attr name="colorOnBrightYellow" format="color" />
    <attr name="colorBrightYellowContainer" format="color" />
    <attr name="colorOnBrightYellowContainer" format="color" />
    <attr name="colorBrightBlue" format="color" />
    <attr name="colorOnBrightBlue" format="color" />
    <attr name="colorBrightBlueContainer" format="color" />
    <attr name="colorOnBrightBlueContainer" format="color" />
    <attr name="colorBrightMagenta" format="color" />
    <attr name="colorOnBrightMagenta" format="color" />
    <attr name="colorBrightMagentaContainer" format="color" />
    <attr name="colorOnBrightMagentaContainer" format="color" />
    <attr name="colorBrightCyan" format="color" />
    <attr name="colorOnBrightCyan" format="color" />
    <attr name="colorBrightCyanContainer" format="color" />
    <attr name="colorOnBrightCyanContainer" format="color" />
    <attr name="colorBlack" format="color" />
    <attr name="colorOnBlack" format="color" />
    <attr name="colorBlackContainer" format="color" />
    <attr name="colorOnBlackContainer" format="color" />
    <attr name="colorWhite" format="color" />
    <attr name="colorOnWhite" format="color" />
    <attr name="colorWhiteContainer" format="color" />
    <attr name="colorOnWhiteContainer" format="color" />
    <attr name="colorBrightBlack" format="color" />
    <attr name="colorOnBrightBlack" format="color" />
    <attr name="colorBrightBlackContainer" format="color" />
    <attr name="colorOnBrightBlackContainer" format="color" />
    <attr name="colorBrightWhite" format="color" />
    <attr name="colorOnBrightWhite" format="color" />
    <attr name="colorBrightWhiteContainer" format="color" />
    <attr name="colorOnBrightWhiteContainer" format="color" />
</resources>
