<resources>
    <color name="md_theme_primary">#34618E</color>
    <color name="md_theme_onPrimary">#FFFFFF</color>
    <color name="md_theme_primaryContainer">#D0E4FF</color>
    <color name="md_theme_onPrimaryContainer">#001D35</color>
    <color name="md_theme_secondary">#31628D</color>
    <color name="md_theme_onSecondary">#FFFFFF</color>
    <color name="md_theme_secondaryContainer">#CFE5FF</color>
    <color name="md_theme_onSecondaryContainer">#001D34</color>
    <color name="md_theme_tertiary">#745186</color>
    <color name="md_theme_onTertiary">#FFFFFF</color>
    <color name="md_theme_tertiaryContainer">#F5D9FF</color>
    <color name="md_theme_onTertiaryContainer">#2C0B3E</color>
    <color name="md_theme_error">#904A46</color>
    <color name="md_theme_onError">#FFFFFF</color>
    <color name="md_theme_errorContainer">#FFDAD7</color>
    <color name="md_theme_onErrorContainer">#3B0909</color>
    <color name="md_theme_background">#F8F9FF</color>
    <color name="md_theme_onBackground">#191C20</color>
    <color name="md_theme_surface">#F5FAFB</color>
    <color name="md_theme_onSurface">#171D1E</color>
    <color name="md_theme_surfaceVariant">#DBE4E6</color>
    <color name="md_theme_onSurfaceVariant">#3F484A</color>
    <color name="md_theme_outline">#6F797A</color>
    <color name="md_theme_outlineVariant">#BFC8CA</color>
    <color name="md_theme_scrim">#000000</color>
    <color name="md_theme_inverseSurface">#2B3133</color>
    <color name="md_theme_inverseOnSurface">#ECF2F3</color>
    <color name="md_theme_inversePrimary">#9FCAFC</color>
    <color name="md_theme_primaryFixed">#D0E4FF</color>
    <color name="md_theme_onPrimaryFixed">#001D35</color>
    <color name="md_theme_primaryFixedDim">#9FCAFC</color>
    <color name="md_theme_onPrimaryFixedVariant">#174974</color>
    <color name="md_theme_secondaryFixed">#CFE5FF</color>
    <color name="md_theme_onSecondaryFixed">#001D34</color>
    <color name="md_theme_secondaryFixedDim">#9DCBFB</color>
    <color name="md_theme_onSecondaryFixedVariant">#124A73</color>
    <color name="md_theme_tertiaryFixed">#F5D9FF</color>
    <color name="md_theme_onTertiaryFixed">#2C0B3E</color>
    <color name="md_theme_tertiaryFixedDim">#E1B7F5</color>
    <color name="md_theme_onTertiaryFixedVariant">#5B396D</color>
    <color name="md_theme_surfaceDim">#D5DBDC</color>
    <color name="md_theme_surfaceBright">#F5FAFB</color>
    <color name="md_theme_surfaceContainerLowest">#FFFFFF</color>
    <color name="md_theme_surfaceContainerLow">#EFF5F6</color>
    <color name="md_theme_surfaceContainer">#E9EFF0</color>
    <color name="md_theme_surfaceContainerHigh">#E3E9EA</color>
    <color name="md_theme_surfaceContainerHighest">#DEE3E5</color>
    <color name="md_theme_primary_mediumContrast">#104570</color>
    <color name="md_theme_onPrimary_mediumContrast">#FFFFFF</color>
    <color name="md_theme_primaryContainer_mediumContrast">#4C78A5</color>
    <color name="md_theme_onPrimaryContainer_mediumContrast">#FFFFFF</color>
    <color name="md_theme_secondary_mediumContrast">#0B466F</color>
    <color name="md_theme_onSecondary_mediumContrast">#FFFFFF</color>
    <color name="md_theme_secondaryContainer_mediumContrast">#4A78A4</color>
    <color name="md_theme_onSecondaryContainer_mediumContrast">#FFFFFF</color>
    <color name="md_theme_tertiary_mediumContrast">#563569</color>
    <color name="md_theme_onTertiary_mediumContrast">#FFFFFF</color>
    <color name="md_theme_tertiaryContainer_mediumContrast">#8B679E</color>
    <color name="md_theme_onTertiaryContainer_mediumContrast">#FFFFFF</color>
    <color name="md_theme_error_mediumContrast">#6E2F2C</color>
    <color name="md_theme_onError_mediumContrast">#FFFFFF</color>
    <color name="md_theme_errorContainer_mediumContrast">#AA5F5A</color>
    <color name="md_theme_onErrorContainer_mediumContrast">#FFFFFF</color>
    <color name="md_theme_background_mediumContrast">#F8F9FF</color>
    <color name="md_theme_onBackground_mediumContrast">#191C20</color>
    <color name="md_theme_surface_mediumContrast">#F5FAFB</color>
    <color name="md_theme_onSurface_mediumContrast">#171D1E</color>
    <color name="md_theme_surfaceVariant_mediumContrast">#DBE4E6</color>
    <color name="md_theme_onSurfaceVariant_mediumContrast">#3B4446</color>
    <color name="md_theme_outline_mediumContrast">#576162</color>
    <color name="md_theme_outlineVariant_mediumContrast">#737C7E</color>
    <color name="md_theme_scrim_mediumContrast">#000000</color>
    <color name="md_theme_inverseSurface_mediumContrast">#2B3133</color>
    <color name="md_theme_inverseOnSurface_mediumContrast">#ECF2F3</color>
    <color name="md_theme_inversePrimary_mediumContrast">#9FCAFC</color>
    <color name="md_theme_primaryFixed_mediumContrast">#4C78A5</color>
    <color name="md_theme_onPrimaryFixed_mediumContrast">#FFFFFF</color>
    <color name="md_theme_primaryFixedDim_mediumContrast">#315F8B</color>
    <color name="md_theme_onPrimaryFixedVariant_mediumContrast">#FFFFFF</color>
    <color name="md_theme_secondaryFixed_mediumContrast">#4A78A4</color>
    <color name="md_theme_onSecondaryFixed_mediumContrast">#FFFFFF</color>
    <color name="md_theme_secondaryFixedDim_mediumContrast">#2F5F8A</color>
    <color name="md_theme_onSecondaryFixedVariant_mediumContrast">#FFFFFF</color>
    <color name="md_theme_tertiaryFixed_mediumContrast">#8B679E</color>
    <color name="md_theme_onTertiaryFixed_mediumContrast">#FFFFFF</color>
    <color name="md_theme_tertiaryFixedDim_mediumContrast">#714E84</color>
    <color name="md_theme_onTertiaryFixedVariant_mediumContrast">#FFFFFF</color>
    <color name="md_theme_surfaceDim_mediumContrast">#D5DBDC</color>
    <color name="md_theme_surfaceBright_mediumContrast">#F5FAFB</color>
    <color name="md_theme_surfaceContainerLowest_mediumContrast">#FFFFFF</color>
    <color name="md_theme_surfaceContainerLow_mediumContrast">#EFF5F6</color>
    <color name="md_theme_surfaceContainer_mediumContrast">#E9EFF0</color>
    <color name="md_theme_surfaceContainerHigh_mediumContrast">#E3E9EA</color>
    <color name="md_theme_surfaceContainerHighest_mediumContrast">#DEE3E5</color>
    <color name="md_theme_primary_highContrast">#002440</color>
    <color name="md_theme_onPrimary_highContrast">#FFFFFF</color>
    <color name="md_theme_primaryContainer_highContrast">#104570</color>
    <color name="md_theme_onPrimaryContainer_highContrast">#FFFFFF</color>
    <color name="md_theme_secondary_highContrast">#00243E</color>
    <color name="md_theme_onSecondary_highContrast">#FFFFFF</color>
    <color name="md_theme_secondaryContainer_highContrast">#0B466F</color>
    <color name="md_theme_onSecondaryContainer_highContrast">#FFFFFF</color>
    <color name="md_theme_tertiary_highContrast">#331345</color>
    <color name="md_theme_onTertiary_highContrast">#FFFFFF</color>
    <color name="md_theme_tertiaryContainer_highContrast">#563569</color>
    <color name="md_theme_onTertiaryContainer_highContrast">#FFFFFF</color>
    <color name="md_theme_error_highContrast">#440F0F</color>
    <color name="md_theme_onError_highContrast">#FFFFFF</color>
    <color name="md_theme_errorContainer_highContrast">#6E2F2C</color>
    <color name="md_theme_onErrorContainer_highContrast">#FFFFFF</color>
    <color name="md_theme_background_highContrast">#F8F9FF</color>
    <color name="md_theme_onBackground_highContrast">#191C20</color>
    <color name="md_theme_surface_highContrast">#F5FAFB</color>
    <color name="md_theme_onSurface_highContrast">#000000</color>
    <color name="md_theme_surfaceVariant_highContrast">#DBE4E6</color>
    <color name="md_theme_onSurfaceVariant_highContrast">#1C2527</color>
    <color name="md_theme_outline_highContrast">#3B4446</color>
    <color name="md_theme_outlineVariant_highContrast">#3B4446</color>
    <color name="md_theme_scrim_highContrast">#000000</color>
    <color name="md_theme_inverseSurface_highContrast">#2B3133</color>
    <color name="md_theme_inverseOnSurface_highContrast">#FFFFFF</color>
    <color name="md_theme_inversePrimary_highContrast">#E1EDFF</color>
    <color name="md_theme_primaryFixed_highContrast">#104570</color>
    <color name="md_theme_onPrimaryFixed_highContrast">#FFFFFF</color>
    <color name="md_theme_primaryFixedDim_highContrast">#002E51</color>
    <color name="md_theme_onPrimaryFixedVariant_highContrast">#FFFFFF</color>
    <color name="md_theme_secondaryFixed_highContrast">#0B466F</color>
    <color name="md_theme_onSecondaryFixed_highContrast">#FFFFFF</color>
    <color name="md_theme_secondaryFixedDim_highContrast">#002F4F</color>
    <color name="md_theme_onSecondaryFixedVariant_highContrast">#FFFFFF</color>
    <color name="md_theme_tertiaryFixed_highContrast">#563569</color>
    <color name="md_theme_onTertiaryFixed_highContrast">#FFFFFF</color>
    <color name="md_theme_tertiaryFixedDim_highContrast">#3F1E51</color>
    <color name="md_theme_onTertiaryFixedVariant_highContrast">#FFFFFF</color>
    <color name="md_theme_surfaceDim_highContrast">#D5DBDC</color>
    <color name="md_theme_surfaceBright_highContrast">#F5FAFB</color>
    <color name="md_theme_surfaceContainerLowest_highContrast">#FFFFFF</color>
    <color name="md_theme_surfaceContainerLow_highContrast">#EFF5F6</color>
    <color name="md_theme_surfaceContainer_highContrast">#E9EFF0</color>
    <color name="md_theme_surfaceContainerHigh_highContrast">#E3E9EA</color>
    <color name="md_theme_surfaceContainerHighest_highContrast">#DEE3E5</color>
    <color name="colorRed">#904A46</color>
    <color name="colorOnRed">#FFFFFF</color>
    <color name="colorRedContainer">#FFDAD7</color>
    <color name="colorOnRedContainer">#3B0909</color>
    <color name="colorGreen">#446732</color>
    <color name="colorOnGreen">#FFFFFF</color>
    <color name="colorGreenContainer">#C5EFAB</color>
    <color name="colorOnGreenContainer">#072100</color>
    <color name="colorYellow">#845316</color>
    <color name="colorOnYellow">#FFFFFF</color>
    <color name="colorYellowContainer">#FFDCBC</color>
    <color name="colorOnYellowContainer">#2C1700</color>
    <color name="colorBlue">#31628D</color>
    <color name="colorOnBlue">#FFFFFF</color>
    <color name="colorBlueContainer">#CFE5FF</color>
    <color name="colorOnBlueContainer">#001D34</color>
    <color name="colorMagenta">#745186</color>
    <color name="colorOnMagenta">#FFFFFF</color>
    <color name="colorMagentaContainer">#F5D9FF</color>
    <color name="colorOnMagentaContainer">#2C0B3E</color>
    <color name="colorCyan">#006A6A</color>
    <color name="colorOnCyan">#FFFFFF</color>
    <color name="colorCyanContainer">#9CF1F0</color>
    <color name="colorOnCyanContainer">#002020</color>
    <color name="colorBrightRed">#904B40</color>
    <color name="colorOnBrightRed">#FFFFFF</color>
    <color name="colorBrightRedContainer">#FFDAD4</color>
    <color name="colorOnBrightRedContainer">#3A0905</color>
    <color name="colorBrightGreen">#436833</color>
    <color name="colorOnBrightGreen">#FFFFFF</color>
    <color name="colorBrightGreenContainer">#C4EFAC</color>
    <color name="colorOnBrightGreenContainer">#052100</color>
    <color name="colorBrightYellow">#6A5F11</color>
    <color name="colorOnBrightYellow">#FFFFFF</color>
    <color name="colorBrightYellowContainer">#F4E489</color>
    <color name="colorOnBrightYellowContainer">#201C00</color>
    <color name="colorBrightBlue">#34618E</color>
    <color name="colorOnBrightBlue">#FFFFFF</color>
    <color name="colorBrightBlueContainer">#D0E4FF</color>
    <color name="colorOnBrightBlueContainer">#001D35</color>
    <color name="colorBrightMagenta">#745186</color>
    <color name="colorOnBrightMagenta">#FFFFFF</color>
    <color name="colorBrightMagentaContainer">#F5D9FF</color>
    <color name="colorOnBrightMagentaContainer">#2C0B3E</color>
    <color name="colorBrightCyan">#006A6A</color>
    <color name="colorOnBrightCyan">#FFFFFF</color>
    <color name="colorBrightCyanContainer">#9CF1F0</color>
    <color name="colorOnBrightCyanContainer">#002020</color>
    <color name="colorBlack">#006874</color>
    <color name="colorOnBlack">#FFFFFF</color>
    <color name="colorBlackContainer">#9EEFFD</color>
    <color name="colorOnBlackContainer">#001F24</color>
    <color name="colorWhite">#2B638B</color>
    <color name="colorOnWhite">#FFFFFF</color>
    <color name="colorWhiteContainer">#CCE5FF</color>
    <color name="colorOnWhiteContainer">#001E31</color>
    <color name="colorBrightBlack">#006874</color>
    <color name="colorOnBrightBlack">#FFFFFF</color>
    <color name="colorBrightBlackContainer">#9EEFFD</color>
    <color name="colorOnBrightBlackContainer">#001F24</color>
    <color name="colorBrightWhite">#216487</color>
    <color name="colorOnBrightWhite">#FFFFFF</color>
    <color name="colorBrightWhiteContainer">#C6E7FF</color>
    <color name="colorOnBrightWhiteContainer">#001E2D</color>
    <color name="colorRed_mediumContrast">#6E2F2C</color>
    <color name="colorOnRed_mediumContrast">#FFFFFF</color>
    <color name="colorRedContainer_mediumContrast">#AA5F5A</color>
    <color name="colorOnRedContainer_mediumContrast">#FFFFFF</color>
    <color name="colorGreen_mediumContrast">#294B19</color>
    <color name="colorOnGreen_mediumContrast">#FFFFFF</color>
    <color name="colorGreenContainer_mediumContrast">#597E46</color>
    <color name="colorOnGreenContainer_mediumContrast">#FFFFFF</color>
    <color name="colorYellow_mediumContrast">#633900</color>
    <color name="colorOnYellow_mediumContrast">#FFFFFF</color>
    <color name="colorYellowContainer_mediumContrast">#9E692B</color>
    <color name="colorOnYellowContainer_mediumContrast">#FFFFFF</color>
    <color name="colorBlue_mediumContrast">#0B466F</color>
    <color name="colorOnBlue_mediumContrast">#FFFFFF</color>
    <color name="colorBlueContainer_mediumContrast">#4A78A4</color>
    <color name="colorOnBlueContainer_mediumContrast">#FFFFFF</color>
    <color name="colorMagenta_mediumContrast">#563569</color>
    <color name="colorOnMagenta_mediumContrast">#FFFFFF</color>
    <color name="colorMagentaContainer_mediumContrast">#8B679E</color>
    <color name="colorOnMagentaContainer_mediumContrast">#FFFFFF</color>
    <color name="colorCyan_mediumContrast">#004B4B</color>
    <color name="colorOnCyan_mediumContrast">#FFFFFF</color>
    <color name="colorCyanContainer_mediumContrast">#238181</color>
    <color name="colorOnCyanContainer_mediumContrast">#FFFFFF</color>
    <color name="colorBrightRed_mediumContrast">#6E3027</color>
    <color name="colorOnBrightRed_mediumContrast">#FFFFFF</color>
    <color name="colorBrightRedContainer_mediumContrast">#AA6055</color>
    <color name="colorOnBrightRedContainer_mediumContrast">#FFFFFF</color>
    <color name="colorBrightGreen_mediumContrast">#284B1A</color>
    <color name="colorOnBrightGreen_mediumContrast">#FFFFFF</color>
    <color name="colorBrightGreenContainer_mediumContrast">#597E47</color>
    <color name="colorOnBrightGreenContainer_mediumContrast">#FFFFFF</color>
    <color name="colorBrightYellow_mediumContrast">#4C4300</color>
    <color name="colorOnBrightYellow_mediumContrast">#FFFFFF</color>
    <color name="colorBrightYellowContainer_mediumContrast">#827527</color>
    <color name="colorOnBrightYellowContainer_mediumContrast">#FFFFFF</color>
    <color name="colorBrightBlue_mediumContrast">#104570</color>
    <color name="colorOnBrightBlue_mediumContrast">#FFFFFF</color>
    <color name="colorBrightBlueContainer_mediumContrast">#4C78A5</color>
    <color name="colorOnBrightBlueContainer_mediumContrast">#FFFFFF</color>
    <color name="colorBrightMagenta_mediumContrast">#573569</color>
    <color name="colorOnBrightMagenta_mediumContrast">#FFFFFF</color>
    <color name="colorBrightMagentaContainer_mediumContrast">#8B679E</color>
    <color name="colorOnBrightMagentaContainer_mediumContrast">#FFFFFF</color>
    <color name="colorBrightCyan_mediumContrast">#004B4B</color>
    <color name="colorOnBrightCyan_mediumContrast">#FFFFFF</color>
    <color name="colorBrightCyanContainer_mediumContrast">#238181</color>
    <color name="colorOnBrightCyanContainer_mediumContrast">#FFFFFF</color>
    <color name="colorBlack_mediumContrast">#004A53</color>
    <color name="colorOnBlack_mediumContrast">#FFFFFF</color>
    <color name="colorBlackContainer_mediumContrast">#25808C</color>
    <color name="colorOnBlackContainer_mediumContrast">#FFFFFF</color>
    <color name="colorWhite_mediumContrast">#00476D</color>
    <color name="colorOnWhite_mediumContrast">#FFFFFF</color>
    <color name="colorWhiteContainer_mediumContrast">#4479A2</color>
    <color name="colorOnWhiteContainer_mediumContrast">#FFFFFF</color>
    <color name="colorBrightBlack_mediumContrast">#004A53</color>
    <color name="colorOnBrightBlack_mediumContrast">#FFFFFF</color>
    <color name="colorBrightBlackContainer_mediumContrast">#25808C</color>
    <color name="colorOnBrightBlackContainer_mediumContrast">#FFFFFF</color>
    <color name="colorBrightWhite_mediumContrast">#004866</color>
    <color name="colorOnBrightWhite_mediumContrast">#FFFFFF</color>
    <color name="colorBrightWhiteContainer_mediumContrast">#3C7B9F</color>
    <color name="colorOnBrightWhiteContainer_mediumContrast">#FFFFFF</color>
    <color name="colorRed_highContrast">#440F0F</color>
    <color name="colorOnRed_highContrast">#FFFFFF</color>
    <color name="colorRedContainer_highContrast">#6E2F2C</color>
    <color name="colorOnRedContainer_highContrast">#FFFFFF</color>
    <color name="colorGreen_highContrast">#092800</color>
    <color name="colorOnGreen_highContrast">#FFFFFF</color>
    <color name="colorGreenContainer_highContrast">#294B19</color>
    <color name="colorOnGreenContainer_highContrast">#FFFFFF</color>
    <color name="colorYellow_highContrast">#351C00</color>
    <color name="colorOnYellow_highContrast">#FFFFFF</color>
    <color name="colorYellowContainer_highContrast">#633900</color>
    <color name="colorOnYellowContainer_highContrast">#FFFFFF</color>
    <color name="colorBlue_highContrast">#00243E</color>
    <color name="colorOnBlue_highContrast">#FFFFFF</color>
    <color name="colorBlueContainer_highContrast">#0B466F</color>
    <color name="colorOnBlueContainer_highContrast">#FFFFFF</color>
    <color name="colorMagenta_highContrast">#331345</color>
    <color name="colorOnMagenta_highContrast">#FFFFFF</color>
    <color name="colorMagentaContainer_highContrast">#563569</color>
    <color name="colorOnMagentaContainer_highContrast">#FFFFFF</color>
    <color name="colorCyan_highContrast">#002727</color>
    <color name="colorOnCyan_highContrast">#FFFFFF</color>
    <color name="colorCyanContainer_highContrast">#004B4B</color>
    <color name="colorOnCyanContainer_highContrast">#FFFFFF</color>
    <color name="colorBrightRed_highContrast">#44100A</color>
    <color name="colorOnBrightRed_highContrast">#FFFFFF</color>
    <color name="colorBrightRedContainer_highContrast">#6E3027</color>
    <color name="colorOnBrightRedContainer_highContrast">#FFFFFF</color>
    <color name="colorBrightGreen_highContrast">#082900</color>
    <color name="colorOnBrightGreen_highContrast">#FFFFFF</color>
    <color name="colorBrightGreenContainer_highContrast">#284B1A</color>
    <color name="colorOnBrightGreenContainer_highContrast">#FFFFFF</color>
    <color name="colorBrightYellow_highContrast">#282200</color>
    <color name="colorOnBrightYellow_highContrast">#FFFFFF</color>
    <color name="colorBrightYellowContainer_highContrast">#4C4300</color>
    <color name="colorOnBrightYellowContainer_highContrast">#FFFFFF</color>
    <color name="colorBrightBlue_highContrast">#002440</color>
    <color name="colorOnBrightBlue_highContrast">#FFFFFF</color>
    <color name="colorBrightBlueContainer_highContrast">#104570</color>
    <color name="colorOnBrightBlueContainer_highContrast">#FFFFFF</color>
    <color name="colorBrightMagenta_highContrast">#331345</color>
    <color name="colorOnBrightMagenta_highContrast">#FFFFFF</color>
    <color name="colorBrightMagentaContainer_highContrast">#573569</color>
    <color name="colorOnBrightMagentaContainer_highContrast">#FFFFFF</color>
    <color name="colorBrightCyan_highContrast">#002727</color>
    <color name="colorOnBrightCyan_highContrast">#FFFFFF</color>
    <color name="colorBrightCyanContainer_highContrast">#004B4B</color>
    <color name="colorOnBrightCyanContainer_highContrast">#FFFFFF</color>
    <color name="colorBlack_highContrast">#00272C</color>
    <color name="colorOnBlack_highContrast">#FFFFFF</color>
    <color name="colorBlackContainer_highContrast">#004A53</color>
    <color name="colorOnBlackContainer_highContrast">#FFFFFF</color>
    <color name="colorWhite_highContrast">#00253B</color>
    <color name="colorOnWhite_highContrast">#FFFFFF</color>
    <color name="colorWhiteContainer_highContrast">#00476D</color>
    <color name="colorOnWhiteContainer_highContrast">#FFFFFF</color>
    <color name="colorBrightBlack_highContrast">#00272C</color>
    <color name="colorOnBrightBlack_highContrast">#FFFFFF</color>
    <color name="colorBrightBlackContainer_highContrast">#004A53</color>
    <color name="colorOnBrightBlackContainer_highContrast">#FFFFFF</color>
    <color name="colorBrightWhite_highContrast">#002537</color>
    <color name="colorOnBrightWhite_highContrast">#FFFFFF</color>
    <color name="colorBrightWhiteContainer_highContrast">#004866</color>
    <color name="colorOnBrightWhiteContainer_highContrast">#FFFFFF</color>
</resources>
